aeauh,AEAUH
aedas,AEDAS
dubai,AEDXB
dubai uae,AEDXB
dubai alfa,AEDXB
dubai anch b,AEDXB
ae fjr,AEFJR
aefjr,AEFJR
free port,AEFRP
hamriyah,AEHAM
aeham,AEHAM
jebelali,AEJEA
ae jea,AEJEA
aejea,AEJEA
jebel ali,AEJEA
jea,AEJEA
sajed aejea,AEJEA
aejed,AEJED
ae khl,AEKHL
aeklf,AEKLF
khorfakkan,AEKLF
ae klf,AEKLF
ae msa,AEMSA
mina saqr,AEMSA
mina saqr uae,AEMSA
fujairah,AEOFJ
fujairah r,AEOFJ
fujairah u a e,AEOFJ
ae port rashid,AEPRA
ae pra,AEPRA
aeqiw,AEQIW
ae ruw,AERUW
ruwais,AERWP
sharjah,AESHJ
shj opl,AESHJ
sharjah guards onbrd,AESHJ
aezur,AEZUR
ae zur,AEZUR
al drz,ALDRZ
gola,AOGIR
aolad,AOLAD
ao lad,AOLAD
arrecife,ARACF
ar bhi,ARBHI
arbue,ARBUE
ar cmp,ARCMP
ar dgu,ARDGU
armed guard onboard,ARMED
armed guards onboard,ARMED
armed guard on board,ARMED
armed guard o b,ARMED
arnec,ARNEC
recalada,ARRDE
arros,ARROS
rosario,ARROS
arslo,ARSLO
ar slo,ARSLO
san martin,ARSMA
arzae,ARZAE
pago pago,ASPPG
abbot point,AUABP
auabp,AUABP
au adl,AUADL
adelaide aus,AUADL
augusta,AUAGS
alexandria,AUALX
amrun,AUAMR
au amrun,AUAMR
amrun aus,AUAMR
ardrossan aus,AUARD
brisbane,AUASC
aubdb,AUBDB
au bne,AUBNE
aubne,AUBNE
au buy,AUBUY
aubuy,AUBUY
bunbury aus,AUBUY
aubwt,AUBWT
melbourne,AUCHD
au dam,AUDAM
dampier aus,AUDAM
audeb,AUDEB
au fre,AUFRE
aufre,AUFRE
auget,AUGET
geraldton,AUGET
augex,AUGEX
geelong,AUGEX
au gex,AUGEX
gladstone australia,AUGLT
glt au,AUGLT
au glt,AUGLT
auglt,AUGLT
gladstone,AUGLT
au gove,AUGOH
gove,AUGOH
gove australia,AUGOH
au gte,AUGTE
au hpt,AUHPT
auhpt,AUHPT
haypoint aus,AUHPT
auhpt dbct,AUHPT
au hay point,AUHPT
haypoint,AUHPT
kembla aus,AUKEM
au krb,AUKRB
au kwi,AUKWI
kwinana,AUKWI
aumel,AUMEL
au mel,AUMEL
au mky,AUMKY
au ntl,AUNTL
auntl,AUNTL
newcastle aus,AUNTL
newcastle au,AUNTL
newcastle,AUNTL
ntl au,AUNTL
ntl aus,AUNTL
aus newcastle,AUNTL
auntl 0,AUNTL
port arthur,AUPAU
au phe,AUPHE
auphe,AUPHE
port hedland,AUPHE
port hedland aus,AUPHE
port hedland au,AUPHE
aupkl,AUPKL
au pkl,AUPKL
port kembla aus,AUPKL
dalrymple bay au,AUPTD
dalrymple bay aus,AUPTD
auptj,AUPTJ
au pwl,AUPWL
aupwl,AUPWL
port walcott aus,AUPWL
ausyd,AUSYD
au wya,AUWYA
awbar,AWBAR
bd cgp,BDCGP
bdcgp,BDCGP
chittagong,BDCGP
chattogram,BDCGP
mongla,BDMGL
bd mgl,BDMGL
payra bangladesh,BDPAY
payra bd,BDPAY
be anr,BEANR
beanr,BEANR
nhabe,BENHA
be zee,BEZEE
bezee,BEZEE
bgboj,BGBOJ
varna,BGVAR
varna bg,BGVAR
bg var,BGVAR
bhbah,BHBAH
bh kbs,BHKBS
bhsit,BHSIT
bj coo,BJCOO
cotonou,BJCOO
bjcoo,BJCOO
bn mua,BNMUA
sint eustatius,BQEUX
bracx,BRACX
br adr,BRADR
brani 05,BRANI
br arb,BRARB
aratu,BRARB
brarb,BRARB
belem,BRBEL
brbel,BRBEL
brfor,BRFOR
guaiba brazil,BRGIB
brgib,BRGIB
br gib,BRGIB
itaguai brazil,BRIGI
itaqui brazil,BRIQI
britj,BRITJ
br itq,BRITQ
britq,BRITQ
brnvt,BRNVT
portocel,BRPCL
portocel br,BRPCL
portocel brazil,BRPCL
brpcl,BRPCL
brpma,BRPMA
p d m brazil,BRPMA
pdm brazil,BRPMA
br pma,BRPMA
br pdm,BRPMA
ponta da madeira,BRPMA
brpma brazil,BRPMA
br png,BRPNG
brpng,BRPNG
paranagua,BRPNG
sgsin brpng,BRPNG
br prm,BRPRM
brrig,BRRIG
rio grande brazil,BRRIG
br rio,BRRIO
brrio,BRRIO
br slz,BRSLZ
brslz,BRSLZ
br spb,BRSPB
brspb,BRSPB
br ssa,BRSSA
sao sebastiao,BRSSO
br sso,BRSSO
br ssz,BRSSZ
brssz,BRSSZ
santos brazil,BRSSZ
santos br,BRSSZ
genral santos,BRSSZ
br stm,BRSTM
brsua,BRSUA
brtet,BRTET
tubarao brazil,BRTTE
br tubarao,BRTTE
br tub,BRTUB
br vitoria,BRTUB
brtub,BRTUB
vitoria,BRTUB
sgsin brtub,BRTUB
br vdc,BRVDC
brvdc,BRVDC
br vix,BRVIX
bsfpo,BSFPO
freeport bahamas,BSFPO
nassau,BSNAS
bzbgk,BZBGK
cahal,CAHAL
montreal,CAMTR
canep,CANEP
nanaimo,CANNO
ca nwe,CANWE
canwe,CANWE
ca pca,CAPCA
capca,CAPCA
pointe noire,CAPNO
caprr,CAPRR
ca rbt,CARBT
ca rtb,CARTB
cartb,CARTB
casei,CASEI
stewart,CASTW
cnvan,CAVAN
vancouver,CAVAN
cavan,CAVAN
ca vancouver,CAVAN
ca van,CAVAN
vancouver ca,CAVAN
matadi,CDMAT
cdmat,CDMAT
cgpnr,CGPNR
ck rar,CKRAR
antofagasta,CLANF
coronel,CLCNL
clcol,CLCOL
guayacan,CLGYC
huasco chile,CLHSO
cl hso,CLHSO
cliqq,CLIQQ
cl lqn,CLLQN
las ventanas chile,CLLVS
cl mjs,CLMJS
pto rosario,CLPTI
quintero,CLQTV
cl qtv,CLQTV
cl sai,CLSAI
clsai drifting,CLSAI
clvap,CLVAP
douala,CMDLA
cm dla,CMDLA
limbe,CMLIM
cn bao,CNBAO
cn bay,CNBAY
cn byq,CNBAY
bayuquan,CNBAY
cn bayuquan,CNBAY
beilun china,CNBEI
cnbei,CNBEI
tieshan china,CNBHT
tieshan cn,CNBHT
cn bhy,CNBHY
beihai cn,CNBHY
cn bih,CNBIH
byq cn,CNBYQ
cnbyq,CNBYQ
cn byq off,CNBYQ
krinc cnbyq,CNBYQ
caofeidian cn,CNCFD
cn cao,CNCFD
cn caofeidian,CNCFD
cn cfd,CNCFD
caofeidian,CNCFD
caofeidian china,CNCFD
cncfd,CNCFD
cn cgs,CNCGS
changshu china,CNCGU
changshu,CNCGU
cn cjk cgu,CNCGU
cn chs,CNCHS
china chenjiagang,CNCIG
caojing cn,CNCJG
cn caojing,CNCJG
cn cjg,CNCJG
caojing,CNCJG
cncjg,CNCJG
cna caojing,CNCJG
cjk china,CNCJK
cn cjk,CNCJK
cn sha cjk,CNCJK
cncjk,CNCJK
cjk anchorage,CNCJK
cn jia cjk,CNCJK
cn cjk off,CNCJK
chn cjk,CNCJK
cjk arage,CNCJK
cn cjk no 2,CNCJK
cn cjk no1anc,CNCJK
cjk north,CNCJK
cjk ps,CNCJK
cn cxd,CNCXD
changxingdao,CNCXD
cn cxd as,CNCXD
cn czx,CNCZX
dag cn,CNDAG
cn dag,CNDAG
cn dag off,CNDAG
cndag,CNDAG
n dag,CNDAG
cn dcb,CNDCB
cndcb,CNDCB
da chan bay,CNDCB
dandong,CNDDG
dandong china,CNDDG
dong fang,CNDFA
cn dfg,CNDFG
cn dgg,CNDGG
cn dongguan,CNDGG
dongguan cn,CNDGG
dongguan,CNDGG
dongying,CNDGY
cn dgy,CNDGY
dongjiakou china,CNDJK
cndjk,CNDJK
cn dongjiakou,CNDJK
dongjiakou,CNDJK
dalian china,CNDLC
cn dalian,CNDLC
cn dlc,CNDLC
cn dlc off,CNDLC
dalian,CNDLC
cndlc,CNDLC
dalian cn,CNDLC
cn dlc cxd,CNDLC
cn dlc mn,CNDLC
dlccn,CNDLC
cn dushan,CNDSZ
dyg cn,CNDYG
cn fan,CNFAN
fangcheng china,CNFAN
cnfan,CNFAN
fangcheng gang,CNFAN
ch fch,CNFCH
foc cn,CNFOC
fuzhou china,CNFOC
cn foc,CNFOC
fuzhou cn,CNFOC
cnfoc,CNFOC
cn fuzhou,CNFOC
cn fug,CNFUG
cn fzg,CNFZG
cn fzh,CNFZH
guangzhou,CNGGZ
guishan china,CNGIS
shekou,CNHAT
shekou china,CNHAT
huanghua,CNHGU
cnhha,CNHHA
xiamen,CNHHT
xiamen china,CNHHT
huludao cn,CNHLO
cn hlo,CNHLO
cnhua,CNHUA
cn hua,CNHUA
huangpu china,CNHUA
cn huh,CNHUH
cn hui,CNHUI
cn huizhou,CNHUI
huizhou,CNHUI
chn huizhou,CNHUI
jiangyin,CNJGY
cn jia,CNJIA
cnjia,CNJIA
jia cn,CNJIA
jingtang china,CNJIN
cnjin,CNJIN
cn jin,CNJIN
jingtang,CNJIN
cn jingtang,CNJIN
cn jly,CNJLY
cn jns,CNJNS
jinzhou,CNJNZ
cn jnz,CNJNZ
cn jtg,CNJTG
cnjtg,CNJTG
knm,CNKNM
cn lai ina,CNLAI
longyan,CNLGY
cn lgy,CNLGY
longyan cn,CNLGY
cnlku,CNLKU
longkou,CNLKU
cn lku,CNLKU
lku cn,CNLKU
cn lsn,CNLSN
cnlsn,CNLSN
lanshan,CNLSN
lanshan china,CNLSN
cn lsn off,CNLSN
lan shan,CNLSN
cn lsn ofdai,CNLSN
cn lsn ofd,CNLSN
lan shan f,CNLSN
lian yun gang,CNLYG
lianyungang,CNLYG
lianyungang cn,CNLYG
cn lyg,CNLYG
cnlyg,CNLYG
cn lyg p stn,CNLYG
cn lyg mn,CNLYG
lyg,CNLYG
cn lzh,CNLZH
cn mac,CNMAC
machong china,CNMCH
cnmjs,CNMJS
cn mjs,CNMJS
cn maoming,CNMMI
cn nbg,CNNBG
cnnbg,CNNBG
cn nbg no 4 p s,CNNBG
ningbo ch,CNNBG
ningbo,CNNBO
cn nbo,CNNBO
cnnbo,CNNBO
cn ningbo,CNNBO
ningbo china,CNNBO
ningbo cn,CNNBO
ning de china,CNNDE
ningde,CNNDE
ning de cn,CNNDE
ning de ch,CNNDE
cn ngb,CNNGB
cn ngb p s,CNNGB
cnngb,CNNGB
ngb cn,CNNGB
ngb,CNNGB
cn ngb as,CNNGB
cn ngb l1 line,CNNGB
cn njg,CNNJG
nanjing china,CNNJI
ch nanjing,CNNJI
nanjing,CNNJI
cn cjk nanjing,CNNJI
cn nkg,CNNKG
nansha china,CNNSA
cn nsa,CNNSA
cn nsa off,CNNSA
cnnsa,CNNSA
nansha,CNNSA
cn nansha,CNNSA
nantong cn,CNNTG
cn ntg,CNNTG
cnntg,CNNTG
nantong china,CNNTG
cn nantong,CNNTG
cn paj,CNPAJ
panjin cn,CNPAJ
putian,CNPUT
cn put,CNPUT
qdg cn,CNQDG
cn qdg,CNQDG
cnqdg,CNQDG
cn qdg off,CNQDG
cnqdo,CNQDO
cn qdo,CNQDO
cn qin,CNQIN
cnqin,CNQIN
zhuhai china,CNQSN
zhuhai,CNQSN
zhuhai cn,CNQSN
qinzhou cn,CNQZH
qinzhou,CNQZH
qinzhou china,CNQZH
cn qzh,CNQZH
cnqzh,CNQZH
qinzhou co,CNQZH
cnqzj,CNQZJ
quanzhou,CNQZL
cn qzj,CNQZL
quanzhou cn,CNQZL
cn rcg,CNRCG
cnrcg,CNRCG
cn rcg wn,CNRCG
cn rcg off,CNRCG
cn rgc,CNRGC
raoping china,CNRPG
cnrzh,CNRZH
rizhao,CNRZH
cn rzh,CNRZH
rizhao china,CNRZH
rizhao chh,CNRZH
ri zhao,CNRZH
cnsgh,CNSGH
shanghai,CNSGH
shanghai china,CNSGH
china,CNSGH
china shanghai,CNSGH
cn shang hai,CNSGH
shang hai,CNSGH
cn sgh,CNSGH
cn shanghai,CNSGH
cnsha,CNSHA
cn sha,CNSHA
cn sha s8,CNSHA
cn sha wa,CNSHA
cn sha ysa,CNSHA
sha cn,CNSHA
ch sha,CNSHA
cn sha longvu 06,CNSHA
luojing sha,CNSHA
cnsha n channel d5,CNSHA
shidao,CNSHD
shidao china,CNSHD
cn shidao,CNSHD
cn shd,CNSHD
cnshd,CNSHD
cn shd gang,CNSHD
cnshg,CNSHG
cn shg,CNSHG
cnshk,CNSHK
cn shekou,CNSHK
cn shk,CNSHK
qin huang dao,CNSHP
qinhuangdao china,CNSHP
cn shp,CNSHP
qinhuangdao,CNSHP
qinhuangd,CNSHP
cn swa,CNSWA
cn syx,CNSYX
cntac,CNTAC
cn tac,CNTAC
cn taicang,CNTAG
taicang china,CNTAG
cn tag,CNTAG
taicang,CNTAG
tai cang cn,CNTAG
taicang cn,CNTAG
cn tag off,CNTAG
cntao,CNTAO
qingdao,CNTAO
qingdao china,CNTAO
cn tao,CNTAO
qing dao,CNTAO
cn qingdao,CNTAO
cntas 2,CNTAS
cn taixing,CNTAX
cn tiz,CNTIZ
taizhou,CNTIZ
tianjin cn,CNTNJ
cn tianjin,CNTNJ
tianjin,CNTNJ
tianjin china,CNTNJ
tianjin ch,CNTNJ
tian jin,CNTNJ
cn tsn,CNTSN
cn txg,CNTXG
cn txg off,CNTXG
cntxg,CNTXG
cn tzo,CNTZO
cn wef,CNWEF
weifang china,CNWEF
wef cn,CNWEF
cnwei,CNWEI
incheon weihai,CNWEI
weihai,CNWEI
cn wei,CNWEI
wei hai,CNWEI
cnwhi,CNWHI
cn xam,CNXAM
cnxam,CNXAM
xia men,CNXAM
cn xga,CNXGA
cn xig,CNXIG
xingang,CNXIG
cn xinhui,CNXIN
xiuyu china,CNXIU
cnxmn,CNXMN
cn xmn,CNXMN
xmn ch,CNXMN
xinsha china,CNXNA
cn xna,CNXNA
cnyan,CNYAN
yan tai china,CNYAT
cn yantai,CNYAT
yantai china,CNYAT
yan tai cn,CNYAT
yantai,CNYAT
china yantai,CNYAT
yantai chh,CNYAT
yangpu china,CNYGP
yang pu cn,CNYGP
yangshan china,CNYGS
cn yik,CNYIK
cnynt,CNYNT
cn ynt,CNYNT
cn ynt off,CNYNT
ynt china,CNYNT
ynt cn,CNYNT
ynt,CNYNT
cn ypg,CNYPG
cn ysa,CNYSA
cnysa,CNYSA
cnysn,CNYSN
cnytn,CNYTN
yantian china,CNYTN
cn yzh,CNYZH
cn zap,CNZAP
zhapu china,CNZAP
cn zhapu,CNZAP
cnzha,CNZHA
cn zha,CNZHA
zhanjiang china,CNZHA
zhe cn,CNZHE
zhenjiang china,CNZHE
zhenjiang cn,CNZHE
cn zhe,CNZHE
zhenjiang,CNZHE
zhen jiang,CNZHE
zhenjian cn,CNZHE
cn zhu,CNZHU
cnzjg,CNZJG
zhang jia gang,CNZJG
cn zjg,CNZJG
zhangjiagang china,CNZJG
cn zjg haili,CNZJG
zhang jiagang,CNZJG
zhangjiagang,CNZJG
ch zjg,CNZJG
cnzos,CNZOS
zhoushan,CNZOS
zhoushan china,CNZOS
cn zhoushan,CNZOS
cn zos,CNZOS
cnzos 1ml 0,CNZOS
zhoushan shipyard,CNZOS
sarta cnzos,CNZOS
zhoushan p,CNZOS
zhoushan q,CNZOS
cn zuh,CNZUH
zuh,CNZUH
zhang zhou,CNZZU
co baq,COBAQ
cobaq,COBAQ
buenaventura,COBUN
co bun,COBUN
cobun,COBUN
co ctg,COCTG
coctg,COCTG
co cve,COCVE
copoc,COPOC
pozos colorados,COPOC
co poc,COPOC
co smr,COSMR
cosmr,COSMR
crcal,CRCAL
cr cal,CRCAL
caldera,CRCAL
cr lio,CRLIO
cr mob,CRMOB
moin costa rica,CRMOB
cuhav,CUHAV
cumar,CUMAR
mindelo,CVMIN
cv min,CVMIN
cwwil,CWWIL
cylca,CYLCA
limassol,CYLMS
cy lms,CYLMS
cy zyy,CYZYY
de bke,DEBKE
de bre,DEBRE
debre,DEBRE
de brv,DEBRV
debrv,DEBRV
debrv via nok,DEBRV
kiel ps,DECKL
cuxhaven,DECUX
de eme,DEEME
deeme,DEEME
deham,DEHAM
dekel,DEKEL
elbe pstn,DELNU
dersk,DERSK
rostock de,DERSK
djjib,DJJIB
dj jib,DJJIB
djibouti,DJJIB
kalundborg,DKKAL
skaw,DKSKA
dkska,DKSKA
caucedo,DOCAU
docau,DOCAU
rio haina,DOHAI
dohai,DOHAI
mxver dohai,DOHAI
dosdq,DOSDQ
dospm,DOSPM
do spm,DOSPM
dzaae,DZAAE
dzalg,DZALG
dz azw,DZAZW
dzbja,DZBJA
dz bja,DZBJA
dzdje,DZDJE
dz dje,DZDJE
mostaganem,DZMOS
dz orn,DZORN
skikda,DZSKI
ecgye,ECGYE
guayaquil,ECGYE
ec mec,ECMEC
manta,ECMEC
ecmec,ECMEC
manta equador,ECMEC
bolivar ecuador,ECPBO
ee pla,EEPLA
ee tll,EETLL
adabiya,EGADA
adabiyah,EGADA
egais,EGAIS
eg ais,EGAIS
abu qir,EGAKI
eg aly,EGALY
egdam,EGDAM
damietta,EGDAM
eg edk,EGEDK
eg psd,EGPSD
egpsd,EGPSD
port said,EGPSD
suez canal,EGSCN
egscn,EGSCN
eg scn,EGSCN
suez canal egypt,EGSCN
safaga duba,EGSGA
sidi kerir,EGSKT
eg sok,EGSOK
eg suez,EGSUZ
eg suz,EGSUZ
egsue,EGSUZ
egsuz,EGSUZ
suez,EGSUZ
suez egypt,EGSUZ
egypt suez,EGSUZ
suz eg,EGSUZ
suez eg,EGSUZ
suez opl,EGSUZ
suez eygpt,EGSUZ
wadi fayran eg,EGWAF
es alg,ESALG
esalg,ESALG
algeciras,ESALG
algeciras spain,ESALG
es avs,ESAVS
esavs,ESAVS
aviles,ESAVS
es bcn,ESBCN
esbcn,ESBCN
barcelona,ESBCN
barcelona opl,ESBCN
bilbao,ESBIO
escad,ESCAD
es cad,ESCAD
es car,ESCAR
escar,ESCAR
escas,ESCAS
castellon,ESCAS
esceu,ESCEU
es ceu,ESCEU
esfro,ESFRO
es huv,ESHUV
huelva spain,ESHUV
huelva,ESHUV
eshuv,ESHUV
eslpa,ESLPA
es lpa,ESLPA
es sag,ESSAG
salinetas,ESSAT
es sct,ESSCT
santander,ESSDR
tarragona spain,ESTAR
tarragona,ESTAR
es tar,ESTAR
tenerife,ESTCI
esvgo,ESVGO
es vgo,ESVGO
esvlc,ESVLC
es vlc,ESVLC
valencia,ESVLC
fiktk,FIKTK
fioul,FIOUL
fitor,FITOR
fjsuv,FJSUV
fj suv,FJSUV
fj svu,FJSVU
fj vud,FJVUD
fjvud,FJVUD
kosrae,FMKSA
fm pni,FMPNI
fm tkk,FMTKK
frbod,FRBOD
fr dkk,FRDKK
frdkk,FRDKK
fos france,FRFOS
frfos,FRFOS
fr fos,FRFOS
frlav,FRLAV
fr lav,FRLAV
fr lavera,FRLAV
lavera,FRLAV
frleh,FRLEH
le havre,FRLEH
frmrs,FRMRS
fr mtx,FRMTX
fr pje,FRPJE
frpje,FRPJE
port jerome,FRPJE
sete,FRSET
fr set,FRSET
fr sete,FRSET
gb brs,GBBRS
gb faw,GBFAW
gbfaw,GBFAW
finnart,GBFNT
gbfxt,GBFXT
glasgow,GBGLW
gbgrg,GBGRG
hpt aus,GBGSY
hound point,GBHPT
immingham,GBIMM
gb imm,GBIMM
gb iog,GBIOG
gb mlf,GBMLF
manchester anchorage,GBMNC
gb npt,GBNPT
port talbot uk,GBPTB
gbshs,GBSHS
gbshv,GBSHV
gb sou,GBSOU
gbsou,GBSOU
teesport uk,GBTEE
gbthp,GBTHP
gbtil,GBTIL
gb til,GBTIL
tilbury,GBTIL
gbtyn,GBTYN
ghtem,GHTEM
gh tem,GHTEM
gh tkd,GHTKD
gi gib,GIGIB
gibraltar,GIGIB
gigib,GIGIB
conakry,GNCKY
bata,GQBSG
bata eq guinea,GQBSG
malabo,GQSSG
agioi theodoroi,GRAGT
grass,GRASS
kali limenes,GRKLL
kaloi limenes,GRKLL
grpir,GRPIR
gr pir,GRPIR
piraeus,GRPIR
grskg,GRSKG
gr skg,GRSKG
gr tsi,GRTSI
grvol,GRVOL
gt pbr,GTPBR
gt prq,GTPRQ
gtprq,GTPRQ
san jose guatemala,GTPSJ
gu apr,GUAPR
gu arp,GUAPR
bissau,GWOXB
hk hkg,HKHKG
hkhkg,HKHKG
hong kong,HKHKG
cn hkg,HKHKG
cnhkg,HKHKG
hongkong,HKHKG
hk hkg off,HKHKG
cn hongkong,HKHKG
hkg,HKHKG
hn pca,HNPCA
hn pcr,HNPCR
hn slo,HNSLO
hnslo,HNSLO
hn tea,HNTEA
htlff,HTLFF
htpap,HTPAP
id lubuk gaung,ID117
adang bay id,IDADB
adang bay,IDADB
amamapare,IDAMA
id ama,IDAMA
wayame id,IDAMQ
id anr,IDANR
anyer indonesia,IDANR
anyer,IDANR
asike,IDASI
id bah,IDBAH
bahodopi,IDBAH
id bahodopi,IDBAH
balongan,IDBAL
id bdj,IDBDJ
bitung,IDBIT
id belawan,IDBLW
id blw,IDBLW
belawan,IDBLW
id bpn,IDBPN
balikpapan,IDBPN
balikpapan indonesia,IDBPN
balikppan,IDBPN
papan,IDBPN
idbpn,IDBPN
id balikpapan,IDBPN
bpn id,IDBPN
papan drifting,IDBPN
id batam,IDBTH
batam indonesia,IDBTH
batam,IDBTH
kabil batam,IDBTM
btm id,IDBTM
id bur,IDBUR
idbut,IDBUT
bunati indonesia,IDBUT
id but,IDBUT
bunati ind,IDBUT
id bxt,IDBXT
bontang id,IDBXT
bontang,IDBXT
id bontang,IDBXT
bontang ina,IDBXT
cirebon,IDCBN
crbn,IDCBN
cengkareng,IDCEN
suralaya,IDCGN
cigading id,IDCIG
cigading indonesia,IDCIG
id cig,IDCIG
cigading h,IDCIG
ciwandan indonesia,IDCIW
cilacap,IDCXP
id cxp,IDCXP
idcxp,IDCXP
dumai,IDDUM
id dum,IDDUM
id dumai,IDDUM
iddum,IDDUM
futong,IDFTG
id gre,IDGRE
gresik,IDGRE
id jkt,IDJKT
jakarta,IDJKT
jakarta indonesia,IDJKT
arbhi idjkt,IDJKT
id kab,IDKAB
kotabaru,IDKBU
id kbu,IDKBU
id kdi,IDKDI
kendawangan,IDKDW
id kid,IDKID
kaliorang id,IDKLR
idklr,IDKLR
id ktj,IDKTJ
labuan,IDLAA
lamongan,IDLAM
idluw,IDLUW
makassar,IDMAK
meulaboh,IDMEQ
id merauke,IDMKQ
morowali id,IDMOW
id mow,IDMOW
muara pantai,IDMPN
idmpn,IDMPN
id mrk,IDMRK
id merak,IDMRK
id mrk g thaila,IDMRK
id nip,IDNIP
id nnx,IDNNX
idnpl,IDNPL
id obi,IDOBI
karimun indonesia,IDOKA
karimun,IDOKA
id pdg,IDPDG
id panjang,IDPJG
id pks,IDPKS
id pla,IDPLA
plaju,IDPLA
idplm,IDPLM
palembang indonesia,IDPLM
palembang id,IDPLM
id pnj,IDPNJ
sangkulirang id,IDSKI
id smq,IDSMQ
semarang,IDSRG
samarinda id,IDSRI
idsri,IDSRI
samarinda,IDSRI
id sri,IDSRI
samarinda idns,IDSRI
b suaran,IDSUA
idsub,IDSUB
surabaya,IDSUB
id surabaya,IDSUB
surabaya id,IDSUB
id sub,IDSUB
idtab,IDTAB
tab id,IDTAB
taboneo id,IDTAB
id tab,IDTAB
taboneo,IDTAB
tarjun id,IDTAR
tarjun,IDTAR
tanjung bara id,IDTBA
tanjung bara,IDTBA
tba,IDTBA
tuban,IDTBN
id tbn,IDTBN
id tuban,IDTBN
grogot,IDTNB
id tpp,IDTPP
tarahan,IDTRH
idtrk,IDTRK
amurang,IDTZD
ie aug,IEAUG
gwy,IEGWY
ieork,IEORK
ie ork,IEORK
ashdod,ILASH
il ash,ILASH
il eth,ILETH
haifa,ILHFA
il hfa,ILHFA
ilhfa,ILHFA
alang india,INALA
inala,INALA
in bom,INBOM
mumbai,INBOM
mumbai india,INBOM
in ccu,INCCU
kolkata india,INCCU
inccu,INCCU
kolkata in,INCCU
inccu kolkata,INCCU
cuddalore,INCDL
cochin,INCOK
in cok,INCOK
in dah,INDAH
dahej india,INDAH
dhamra,INDMQ
in dmq,INDMQ
dharamtar in,INDMT
dharamtar,INDMT
ennore india,INENR
enr in,INENR
in enr,INENR
in ennore,INENR
inggv,INGGV
gangavaram,INGGV
in haldia,INHAL
haldia india,INHAL
haldia,INHAL
in hal,INHAL
hazira,INHZR
in hzr,INHZR
hazira india,INHZR
in hazira,INHZR
inhzr,INHZR
in ixy,INIXY
inixy,INIXY
kandla,INIXY
kandla india,INIXY
in kandla,INIXY
in jga,INJGA
jnpt india,INJNP
in kak,INKAK
kakinada,INKAK
inkak,INKAK
in kat,INKAT
inkat,INKAT
in kochi,INKOC
in kri,INKRI
karwar,INKRW
in krw,INKRW
in ktp,INKTP
in maa,INMAA
chennai,INMAA
inmaa,INMAA
magdalla india,INMDA
magdalla,INMDA
in mrm,INMRM
mundra,INMUN
mundra india,INMUN
in mun,INMUN
inmun,INMUN
innhv,INNHV
new mangalore,INNML
innml,INNML
in nml,INNML
in nsa,INNSA
india nhava sheva,INNSA
innsa,INNSA
in okh,INOKH
in pav,INPAV
inpav,INPAV
pipavav india,INPAV
paradip,INPPT
paradip india,INPPT
in prt,INPRT
inprt,INPRT
in rtc,INRTC
ratnagiri,INRTC
sagar in,INSGR
sagar india,INSGR
sikka,INSIK
in tut,INTUT
intut,INTUT
tuticorin india,INTUT
tuticorin,INTUT
vadinar,INVAD
invad,INVAD
jaigarh india,INVGM
in viz,INVIZ
in vtz,INVTZ
invtz,INVTZ
visakhapatnam,INVTZ
basra,IQBSR
iq bsr,IQBSR
al faw iraq,IQFAO
iqkaz,IQKAZ
khor al zubair iraq,IQKAZ
kaz iq,IQKAZ
basrah,IQMAB
basrah iraq,IQMAB
iquqr,IQUQR
lengeh,IRBDH
bik iran,IRBIK
bik,IRBIK
ir bkm,IRBKM
itaoi,ITAOI
brindisi italy,ITBDS
itcag,ITCAG
it cvv,ITCVV
itgit,ITGIT
itgoa,ITGOA
itliv,ITLIV
it liv,ITLIV
livorno,ITLIV
it mel,ITMEL
it mfr,ITMFR
mnf,ITMNF
itnap,ITNAP
it pfx,ITPFX
itpfx,ITPFX
itpma,ITPMA
marghera,ITPMA
it pve,ITPVE
porto vesme,ITPVE
itqos,ITQOS
it ran,ITRAN
itran,ITRAN
ravenna anchorage,ITRAN
it sal,ITSAL
salerno italy,ITSAL
itspe,ITSPE
la spezia,ITSPE
taranto,ITTAR
ittoa,ITTOA
vce it,ITVCE
itvce,ITVCE
gac jetty,JETTY
jmkin,JMKIN
jm kin,JMKIN
aqaba,JOAQB
jo aqj,JOAQJ
jp afg,JPAFG
akita jp,JPAXT
jp axt,JPAXT
jp chb,JPCHB
chiba japan,JPCHB
jp chb off,JPCHB
jp chb ea,JPCHB
jp chb s,JPCHB
chiba,JPCHB
jp chiba,JPCHB
jp chb as,JPCHB
jp chb ofd,JPCHB
jp chb off as,JPCHB
chb jp,JPCHB
jp chb neoche,JPCHB
jp chb off iw,JPCHB
jp etajima,JPETA
jp eta,JPETA
jp eta as,JPETA
jp fky,JPFKY
jp fky ea,JPFKY
jp fky as,JPFKY
jp fky off,JPFKY
jp fky e as,JPFKY
jp fnb,JPFNB
jp fnb off,JPFNB
jp fnb off as,JPFNB
jp fnb as,JPFNB
jp fnb fs,JPFNB
fnb off as lime,JPFNB
jp fsk,JPFSK
jp ftx,JPFTX
jp hhe,JPHHE
jp hhe off,JPHHE
jp hhr,JPHHR
jp hhr off,JPHHR
jp hib,JPHIB
jp hic,JPHIC
jp hic off,JPHIC
jp hij,JPHIJ
jp hij as,JPHIJ
jp hij ea,JPHIJ
jp hij off,JPHIJ
jp him,JPHIM
jp him shikama,JPHIM
jp him e,JPHIM
jp hkt,JPHKT
jphkt,JPHKT
jp hkt e2,JPHKT
jphkt wa,JPHKT
jp hofu off,JPHOF
jp hofu,JPHOF
jp hrh,JPHRH
jp hsm,JPHSM
jphsm,JPHSM
jphsm ea,JPHSM
jphsm wa,JPHSM
jp htc,JPHTC
jphtd,JPHTD
jp ick,JPICK
jp ick off,JPICK
niihama,JPIHA
jp iha e,JPIHA
jp iha off,JPIHA
jp iha,JPIHA
jp imb off,JPIMB
jpimb,JPIMB
jp imi,JPIMI
jpimi,JPIMI
jp isi,JPISI
jp ism,JPISM
jpiss,JPISS
jp iwk,JPIWK
jp iym,JPIYM
kan,JPKAN
kan off,JPKAN
jpkcz,JPKCZ
jp kcz wm,JPKCZ
kochi,JPKCZ
jp kga,JPKGA
jp kga as,JPKGA
kakogawa,JPKGA
kga jp,JPKGA
jp kij,JPKIJ
jp kik off,JPKIK
jp kik,JPKIK
kikuma japan,JPKIK
jp ngo kinjo 60,JPKJO
jp komenotsu,JPKKO
jp kmj,JPKMJ
jp kmn,JPKMN
jp kimitsu,JPKMT
kimitsu jp,JPKMT
jp kmt off,JPKMT
jp kmt,JPKMT
jp kmt as,JPKMT
jp kmt w 9,JPKMT
jp knd,JPKND
jp knm s sm18c,JPKNM
jp knm yn,JPKNM
jp knm,JPKNM
jp knm y off,JPKNM
jp knm off,JPKNM
jp kanmon,JPKNM
jp knm jb,JPKNM
jp kanmon mn,JPKNM
jp knm y,JPKNM
kwangyang via kanmon,JPKNM
kanmon strait ps,JPKNM
jp knu,JPKNU
jp knu as,JPKNU
jp knz,JPKNZ
jp koj,JPKOJ
jp kok off,JPKOK
jp kok kh04c as,JPKOK
jp kre off,JPKRE
jp kre,JPKRE
jp kre aga,JPKRE
jp ksm,JPKSM
jp ksm e,JPKSM
jp ksm ne,JPKSM
jp ksm off,JPKSM
jpksm,JPKSM
jpksm e,JPKSM
kushiro japan,JPKUH
jp kushiro,JPKUH
jp kws off,JPKWS
jp kws td,JPKWS
jp kws xx,JPKWS
jp kws,JPKWS
kawasaki jp,JPKWS
jp kws k1,JPKWS
jp kws y1 np,JPKWS
jp kzu as,JPKZU
jp mai,JPMAI
jp mii,JPMII
jp mii off,JPMII
jp min off,JPMIN
jp min,JPMIN
jp mis off,JPMIS
jp miz,JPMIZ
jp miz mn,JPMIZ
jp miz off,JPMIZ
jp miz ft,JPMIZ
jpmiz,JPMIZ
jp miz th,JPMIZ
jp miz as off,JPMIZ
jp miz ea,JPMIZ
mizushima,JPMIZ
jp miz a,JPMIZ
jp miz as,JPMIZ
jp miz b,JPMIZ
jp miz fm,JPMIZ
jp miz d,JPMIZ
jp miz off as,JPMIZ
jpmiz as,JPMIZ
mks jp,JPMKS
jp mkw off,JPMKW
jp mkx,JPMKX
jp moj e,JPMOJ
jp moj,JPMOJ
jp moj ea,JPMOJ
jp moj as,JPMOJ
jp moji mutsure off,JPMOJ
jp mutsure,JPMTR
jp mutsure off,JPMTR
jp mur,JPMUR
jp myj,JPMYJ
jpmyj,JPMYJ
jp myj off,JPMYJ
jpnan,JPNAN
jp nao,JPNAO
jp nao off,JPNAO
jp yok xx ngi,JPNGI
jp ngi,JPNGI
jp ngo,JPNGO
jp ngo b4,JPNGO
jp ngo b8,JPNGO
jp ngo off,JPNGO
jp ngo k1,JPNGO
jp ngo p5,JPNGO
jp ngo w2,JPNGO
jp ngo k2,JPNGO
jp ngo s1,JPNGO
jp ngo e4,JPNGO
jp nagoya,JPNGO
jp ngo t 2,JPNGO
jp ngs,JPNGS
jp ngu,JPNGU
jp nih,JPNIH
nih jp,JPNIH
jp nit,JPNIT
jp nno,JPNNO
nsr jp,JPNSR
jp nsr,JPNSR
jp nyo,JPNYO
nanyo,JPNYO
jp oip as,JPOIP
jp oip ss,JPOIP
jp oip off as,JPOIP
jp oip,JPOIP
jp oip off,JPOIP
jp oit,JPOIT
jp oit off,JPOIT
jpoit,JPOIT
jp oit as,JPOIT
omu 15,JPOMU
jpomz,JPOMZ
jp omz,JPOMZ
jp ona,JPONA
jpona,JPONA
jp osa 3c ea,JPOSA
jp osa as line,JPOSA
jp osa as,JPOSA
jp osa 3c,JPOSA
osaka jp,JPOSA
jp otake,JPOTK
jp otk off,JPOTK
jp sak,JPSAK
jp sak as,JPSAK
jp sak off,JPSAK
jp sakai,JPSAK
jp sak sbk off,JPSAK
jp sbk,JPSBK
jp sbk off,JPSBK
jp sbk off as,JPSBK
jp sbk off as line,JPSBK
jp sbk xx,JPSBK
jp sbk 2,JPSBK
jp sbs,JPSBS
jp sbs off,JPSBS
jpsbs,JPSBS
jp sdj,JPSDJ
sendai jp,JPSDJ
jp sodegaura,JPSDU
jp sen,JPSEN
jp sgm,JPSGM
jp sgm sendai,JPSGM
jp sgm as,JPSGM
jp shimoji,JPSHI
jp yok xx shn,JPSHN
jp shimonoseki,JPSHS
jp skd,JPSKD
jp skd off,JPSKD
jp skt,JPSKT
jp smb,JPSMB
jpsmn,JPSMN
jp smn,JPSMN
jp smn wm,JPSMN
ulsan opl drifting,JPSMO
jp smt,JPSMT
jp smz,JPSMZ
jpsmz,JPSMZ
jp smz e,JPSMZ
jp smz as e,JPSMZ
jp smz as,JPSMZ
jpssb,JPSSB
jp tak mn,JPTAK
jp ths off,JPTHS
jpths,JPTHS
jp ths,JPTHS
jp ths e,JPTHS
jp ths off e,JPTHS
jp toyohashi,JPTHS
jp tkm off,JPTKM
jp tks,JPTKS
jp tky,JPTKY
jp tmk,JPTMK
tomakomai jp,JPTMK
jp tmk off,JPTMK
jp tos,JPTOS
jp trg,JPTRG
jp tsuruga,JPTRG
jp takasago off,JPTSG
jp tsg,JPTSG
takasago jp,JPTSG
jp txd,JPTXD
jp txd e,JPTXD
jp tyo,JPTYO
jp tyo s,JPTYO
jp tokyo,JPTYO
jp tyo mn,JPTYO
jp tyo e,JPTYO
jp tyo s c,JPTYO
jp tyo s d,JPTYO
jptyo s,JPTYO
jptyo,JPTYO
jp ube,JPUBJ
jp ubj,JPUBJ
jpubj,JPUBJ
jp ubj off,JPUBJ
uchiura jp,JPUCU
jp ukb,JPUKB
kobe japan,JPUKB
jp ukb mn,JPUKB
jp ukb off,JPUKB
jp ukb rc 6,JPUKB
jp ukb e2,JPUKB
jp wak off,JPWAK
jp wak e,JPWAK
jp wak,JPWAK
jp wam,JPWAM
jp wakamatsu,JPWAM
jp yat,JPYAT
jp ykk off,JPYKK
jp ykk,JPYKK
jp ykk mn,JPYKK
jpykk,JPYKK
jp ykk off 3e,JPYKK
jp ykk sn,JPYKK
ykk jp,JPYKK
jp ykk off e,JPYKK
jp yok,JPYOK
jp yok dn,JPYOK
jp yok hm,JPYOK
yokohama japan,JPYOK
jpyok,JPYOK
jpyok hm,JPYOK
jp yok off,JPYOK
jp yok y 1,JPYOK
jp yok y1,JPYOK
jp yok ds,JPYOK
jp yok az,JPYOK
jp yok e,JPYOK
jp yos off,JPYOS
jp yos,JPYOS
ke mba,KEMBA
kh kos,KHKOS
khkos,KHKOS
tarawa,KITRW
tarawa kiribati,KITRW
ki tarawa,KITRW
ki trw,KITRW
moroni,KMYVA
kr aewol,KRAWL
kr awl,KRAWL
kr bnp,KRBNP
pusan new port,KRBNP
kr bnp mn,KRBNP
kr bsn np wm,KRBNP
boryeong,KRBOR
krbor,KRBOR
kr bor,KRBOR
kr boryeong,KRBOR
kr chf,KRCHF
kr chg,KRCHG
janghang,KRCHG
changwon,KRCHW
krdjn,KRDJN
kr djn,KRDJN
gosung korea,KRGSO
krgso,KRGSO
goseong dock,KRGSO
kr has,KRHAS
krhas,KRHAS
hadong korea,KRHDG
krhdg,KRHDG
hadong s korea,KRHDG
kr icn,KRICN
incheon,KRINC
krinc,KRINC
kr inc,KRINC
kr inc as,KRINC
kr inc wa,KRINC
inc kr,KRINC
weihai incheon,KRINC
kr inc off,KRINC
kr inc wm,KRINC
kr incheon,KRINC
incheon kr,KRINC
inchon,KRINC
kr inc mn,KRINC
kr incheon as,KRINC
inc,KRINC
kr incheon wm,KRINC
ruvvo krinc,KRINC
yos inc,KRINC
incheon gshd,KRINC
kr incheon wa,KRINC
qd inc,KRINC
geoje,KRJGE
gwangyang,KRKAN
krkan,KRKAN
kr kan,KRKAN
kr kan as,KRKAN
kr kan mn,KRKAN
kr kan off,KRKAN
kr kan wa,KRKAN
kr kan wm,KRKAN
kan kr,KRKAN
gwangyang kr,KRKAN
kr yos kan,KRKAN
kankr,KRKAN
kr kan tsn,KRKAN
kr kcn,KRKCN
kr busan gamcheon,KRKCN
krkdj,KRKDJ
kr khn,KRKHN
krkhn,KRKHN
krkpo,KRKPO
kr kpo,KRKPO
kr kpo as,KRKPO
kr kpo mn,KRKPO
kr kpo wm,KRKPO
kr pohang,KRKPO
pohang,KRKPO
kr kpo off,KRKPO
pohang kr,KRKPO
kr pohang mn,KRKPO
kpo kr mn,KRKPO
kr ksn,KRKSN
krksn,KRKSN
gunsan korea,KRKUV
krkuv,KRKUV
kr kuv,KRKUV
gunsan,KRKUV
kr kuv off,KRKUV
kr kuv ndong,KRKUV
kwangyang,KRKWA
kwangyang kr,KRKWA
kr kwa,KRKWA
kr kwangyang,KRKWA
korea kwangyang,KRKWA
krkwa,KRKWA
kwangyang korea,KRKWA
kwangyang off k 12,KRKWA
kwangyang k 13 off,KRKWA
krmas,KRMAS
kr mas,KRMAS
kr mas off,KRMAS
kr masan,KRMAS
masan,KRMAS
kr mas wm,KRMAS
kr mas mn,KRMAS
mas kr,KRMAS
krmok,KRMOK
kr mok off,KRMOK
kr mokpo,KRMOK
mokpo,KRMOK
mokpo kr,KRMOK
okpo,KRMOK
okpo anc kr,KRMOK
mokpo ach,KRMOK
okpo korea,KRMOK
kr msn,KRMSN
krmsn,KRMSN
donghae,KRMUK
donghae kr,KRMUK
kr donghae,KRMUK
donghae k0rea,KRMUK
gangneung kr,KROKK
okgye,KROKK
kr okk as,KROKK
kr jsp,KROKP
kr okp,KROKP
kr okpo off,KROKP
onsan kr,KRONS
kr ons,KRONS
onsan,KRONS
krons,KRONS
onsan south korea,KRONS
onsan korea,KRONS
krosn,KROSN
kr osn,KROSN
krpdj,KRPDJ
kr ptk mn,KRPTK
krptk,KRPTK
pyeongtaek,KRPTK
kr ptk,KRPTK
kr ptk off,KRPTK
ptk kr,KRPTK
pyeongtaek korea,KRPTK
pyeongtaek s korea,KRPTK
ptk,KRPTK
ptkkr,KRPTK
busan,KRPUS
busan kr,KRPUS
busan s korea,KRPUS
kr pus,KRPUS
kr pus mn,KRPUS
kr pus off,KRPUS
kr pus wm,KRPUS
krbus,KRPUS
krpus,KRPUS
korea busan,KRPUS
kr bsn,KRPUS
kr bus,KRPUS
kr busan,KRPUS
kr busan off as,KRPUS
kr pnc,KRPUS
busan korea,KRPUS
kr bsn wa f13,KRPUS
kr bsn wm,KRPUS
kr pus wa,KRPUS
kr pusan,KRPUS
bsn,KRPUS
krpus wa,KRPUS
pus kr,KRPUS
kr psn,KRPUS
kr pus w mn,KRPUS
kr pus m8,KRPUS
kr pus w m,KRPUS
pusan,KRPUS
pusan korea,KRPUS
kr pus mb 601,KRPUS
kr pus od,KRPUS
kr pus as,KRPUS
kr bsn wa,KRPUS
kr bus dock off,KRPUS
pus,KRPUS
kq pus,KRPUS
puskr,KRPUS
pus off,KRPUS
kr bsn mn line,KRPUS
kr bus n2 off,KRPUS
pus n 3 anc,KRPUS
kr pus kanmon mn,KRPUS
samcheonpo s korea,KRSCP
krsuk,KRSUK
samcheok,KRSUK
krtan,KRTAN
taean s korea,KRTAN
kr tan,KRTAN
taean korea,KRTAN
krten,KRTEN
kr tgh,KRTGH
krtgh,KRTGH
tgh kr,KRTGH
tgh,KRTGH
krtji,KRTJI
kr dangjin,KRTJI
dangjin,KRTJI
dangjin s korea,KRTJI
kr tji,KRTJI
dangjin korea,KRTJI
dangjin kr,KRTJI
daesan kr,KRTSN
dsn,KRTSN
kr tsn,KRTSN
kr tsn wm,KRTSN
tsn kr,KRTSN
kr daesan,KRTSN
kr dsn,KRTSN
kr tyg,KRTYG
krtyg,KRTYG
tongyeong,KRTYG
tyg kr,KRTYG
tong yeong kr,KRTYG
ulsan,KRUSN
ulsan korea,KRUSN
ulsan kr,KRUSN
usn kr,KRUSN
kr ulsan,KRUSN
kr usn,KRUSN
kr usn as,KRUSN
kr usn mn,KRUSN
kr usn off,KRUSN
kr usn wm,KRUSN
kruls,KRUSN
krusn,KRUSN
kr usn wa,KRUSN
ulsan opl,KRUSN
kr uls,KRUSN
kr usn ulsan,KRUSN
kr usn e2,KRUSN
as kr usn,KRUSN
usn,KRUSN
k usn,KRUSN
krusn drifting,KRUSN
kor usn,KRUSN
korea ulsan,KRUSN
usn as,KRUSN
ulsan s kr,KRUSN
yeongheung,KRYCH
yeongheung kr,KRYCH
yeongheung korea,KRYCH
kryhg,KRYCH
yeongheung s korea,KRYCH
kr ygg,KRYGG
krygg,KRYGG
yeosu,KRYOS
yeosu korea,KRYOS
yeosu kr,KRYOS
yeosu opl,KRYOS
yos kr,KRYOS
kr yeosu,KRYOS
kr yos,KRYOS
kr yos wa,KRYOS
kryos,KRYOS
kor yos,KRYOS
yosu kr,KRYOS
kr yos wm,KRYOS
kr yos off,KRYOS
kr yeosu wm,KRYOS
kr yosu,KRYOS
yosu,KRYOS
sarta kryos,KRYOS
kr yos km mn,KRYOS
kr yos pch 2,KRYOS
kr yeosu hs,KRYOS
kw kwi,KWKWI
kw mea,KWMEA
kwmea,KWMEA
kw mib,KWMIB
kwsaa,KWSAA
kw saa,KWSAA
shuaiba,KWSAA
kwswk,KWSWK
kycyb,KYCYB
lb kye,LBKYE
tripoli lebanon,LBKYE
colombo lk,LKCMB
lkcmb,LKCMB
colombo,LKCMB
lk cmb,LKCMB
cmb lk,LKCMB
galle,LKGAL
lkhba,LKHBA
lk hba,LKHBA
trincomalee lk,LKTRR
lrmlw,LRMLW
klaipeda,LTKLJ
thilafushi maldives,LVLPX
ventspils,LVVNT
lyben,LYBEN
khoms,LYKHM
lykho,LYKHO
lymra,LYMRA
ly mth,LYMTH
macas,MACAS
casablanca,MACAS
casablanca ma,MACAS
ma cas,MACAS
jorf lasfar,MAJFL
ma jfl,MAJFL
nador,MANDR
ma ndr,MANDR
maptm,MAPTM
tanger med morocco,MAPTM
ma ptm,MAPTM
tangier med,MAPTM
tanger med,MAPTM
ma sfi,MASFI
matng,MATNG
tamatave,MGTMM
mgtmm,MGTMM
mh kwa,MHKWA
majuro,MHMAJ
mh maj,MHMAJ
mm rgn,MMRGN
mp rop,MPROP
mp spn,MPSPN
mrndb,MRNDB
nouadhibou b10,MRNDB
mr nkc,MRNKC
malta,MTDIS
malta for orders,MTDIS
marsaxlokk,MTMAR
mtmar,MTMAR
mtmla,MTMLA
mu plu,MUPLU
port louis mu,MUPLU
muplu,MUPLU
port louis,MUPLU
male,MVMLE
male maldives,MVMLE
mv mle,MVMLE
mxatm,MXATM
mx atm,MXATM
mxcat,MXCAT
mxcoa,MXCOA
coatzacoalcos,MXCOA
mxdbt,MXDBT
dos bocas mexico,MXDBT
dos bocas mx,MXDBT
mx ese,MXESE
mxese,MXESE
guaymas,MXGYM
mx lzc,MXLZC
mxlzc,MXLZC
lazaro mexico,MXLZC
mre mx,MXMRE
pajaritos mexico,MXPAJ
progreso mexico,MXPGO
mxrst,MXRST
mx rst,MXRST
mxtam,MXTAM
mx tam,MXTAM
mx tux,MXTUX
mxtux,MXTUX
tuxpan,MXTUX
tuxpan mexico,MXTUX
mx ver,MXVER
mxver,MXVER
veracruz,MXVER
mx zlo,MXZLO
mxzlo,MXZLO
manzanillo,MXZLO
rosarito,MXZRO
my bki,MYBKI
my btu,MYBTU
mybtu,MYBTU
bintulu my,MYBTU
butterworth,MYBWH
butterworth malaysia,MYBWH
my ket,MYKET
my kua,MYKUA
kuantan,MYKUA
my lbu,MYLBU
my labuan,MYLBU
labuan my,MYLBU
my ldu,MYLDU
my linggi,MYLINGGI
lumut malaysia,MYLUM
my mkz,MYMKZ
my muar,MYMUA
penang,MYNTL
my pdi,MYPDI
port dickson,MYPDI
penang malaysia,MYPEN
mypen,MYPEN
my pen,MYPEN
my pgg,MYPGG
pengerang,MYPGG
my pgu,MYPGU
mypgu,MYPGU
pasir gudang,MYPGU
my pasirgudang,MYPGU
pasirgudang,MYPGU
my pkg,MYPKG
my pkg west,MYPKG
mypkg,MYPKG
mypkw,MYPKG
port klang my,MYPKG
my pkw,MYPKG
port klang,MYPKG
port klang malaysia,MYPKG
portklang,MYPKG
mypkl,MYPKG
my pke,MYPKG
my sdk,MYSDK
sandakan,MYSDK
mysdk,MYSDK
sdk my nsgn,MYSDK
sg udang my,MYSGG
my tbi,MYTBI
tanjung bin,MYTBI
my tanjung bin,MYTBI
mytbi,MYTBI
tanjung langsat,MYTLA
mytla,MYTLA
my tpp,MYTPP
mytpp,MYTPP
tanjung pelepas,MYTPP
tjg plps,MYTPP
tanjun pelepas,MYTPP
tj pelepas,MYTPP
mytwu,MYTWU
my twu,MYTWU
beira,MZBEW
mzbew,MZBEW
mz bew,MZBEW
mz moma,MZMMW
nacala,MZMNC
nacala mozambique,MZMNC
nawvb,NAWVB
nakety nc,NCNAK
nc pny,NCPNY
lagos,NGLAG
lagos for orders,NGLAG
lagos nigeria,NGLOS
nglos,NGLOS
onne,NGONN
port harcourt,NGPHC
ni cio,NICIO
nicio,NICIO
nl ams,NLAMS
nlams,NLAMS
amsterdam,NLAMS
nl ijm,NLIJM
nlijm,NLIJM
lch,NLLCH
nl rtm,NLRTM
rotterdam,NLRTM
rotterdam nl,NLRTM
nl rtm r,NLRTM
scheveningen,NLSCE
terneuzen nl,NLTNZ
nlvli,NLVLI
nl vli,NLVLI
no glo,NOGLO
nz akl,NZAKL
nzakl,NZAKL
nz blu,NZBLU
nzblu,NZBLU
nzdud,NZDUD
nz lyt,NZLYT
nz map,NZMAP
nzmap,NZMAP
nznpe,NZNPE
new plymouth,NZNPL
nz nsn,NZNSN
nelson,NZNSN
timaru,NZTIU
nz trg,NZTRG
nztrg,NZTRG
nz wlg,NZWLG
duqm oman,OMDQM
duqm,OMDQM
khasab,OMKHS
khasab oman,OMKHS
ommfh,OMMFH
omqal,OMQAL
om qal,OMQAL
duqm ad oman,OMQAL
om sll,OMSLL
omsll,OMSLL
salalah,OMSLL
omsoh,OMSOH
om soh,OMSOH
balboa,PABLB
balboa panama,PABLB
pa blb,PABLB
pablb,PABLB
petyl pablb,PABLB
coco solo,PACSO
cristobal,PACTB
cristobal panama,PACTB
pa ctb,PACTB
pactb,PACTB
pamit,PAMIT
pa mit,PAMIT
paonx,PAONX
pa pac,PAPAC
panama,PAPAC
panama canal,PAPCN
papcn,PAPCN
pa pcn,PAPCN
la palma,PAPLP
pa pan,PAPLP
pa pty,PAPTY
papty,PAPTY
parod,PAROD
taboguilla panama,PATBG
pe cll,PECLL
callao,PECLL
callao peru,PECLL
pecll,PECLL
mollendo peru,PEMLQ
matarani,PEMRI
san nicolas,PESNX
san nicolas peru,PESNX
talara peru,PETYL
kimbe png,PGKIM
rabaul,PGRAB
rabaul png,PGRAB
pg rab,PGRAB
albuera phil,PHALB
batangas,PHBAU
suvic bay,PHBAY
balingasag philippin,PHBGS
ph btg,PHBTG
phbtg,PHBTG
batangas ph,PHBTG
ph batangas,PHBTG
batangas philippines,PHBTG
btg ph,PHBTG
batangas philippine,PHBTG
bataan philippines,PHBTN
phbtn,PHBTN
ph btn,PHBTN
bataan,PHBTN
bataan php,PHBTN
tacloban ph,PHBYB
calaca,PHCAA
ph ceb,PHCEB
ph cgy,PHCGY
phcgy,PHCGY
dumaguete php,PHDGT
phdvo,PHDVO
gensan ph,PHGAS
ph ges,PHGES
ph isl,PHISL
phisl,PHISL
isl ph,PHISL
jimenez philippines,PHJNZ
ph bataan,PHLIM
cagayan de oro ph,PHMIC
manila ph,PHMNL
phmnl,PHMNL
ph mnl,PHMNL
manila opl,PHMNL
phmns,PHMNS
manila phl,PHMTP
mariveles phi,PHMVS
al rom,PHROM
phrtb,PHRTB
ph sfe,PHSFE
ph sfs,PHSFS
phsfs,PHSFS
phsmr,PHSMR
ph sua,PHSUA
surigao,PHSUG
phtbg,PHTBG
davao ph,PHTIB
davao philippines,PHTIB
davao philippine,PHTIB
tawi tawi,PHTWT
ph vnv,PHVNV
pk bqm,PKBQM
karachi pakistan,PKBQM
pkbqm,PKBQM
pakistan bin qasim,PKBQM
karachi,PKBQM
pkkhi,PKKHI
pk khi,PKKHI
port qasim,PKQCT
gdansk,PLGDN
plgdn,PLGDN
swinoujscie pl,PLSWI
jmkin prsju,PRSJU
ptave,PTAVE
ptlei,PTLEI
pt lei,PTLEI
pt lis,PTLIS
pt lisboa,PTLIS
ptlis,PTLIS
ptset,PTSET
pt set,PTSET
pt sie,PTSIE
pt sines,PTSIE
pw rop,PWROR
qatar,QAASH
qaasn,QAASN
al shaheen,QAASN
qa asn,QAASN
doha qatar,QADOH
qa hmd,QAHMD
qahmd,QAHMD
mesaieed,QAMES
qames,QAMES
qa rlf,QARLF
qarlf,QARLF
rlf qa,QARLF
ras laffan,QARLF
ras laffan qatar,QARLF
pkt qasim,QASIM
qa ums,QAUMS
qaums,QAUMS
mesaieed qatar,QAUMS
repdg,REPDG
re reu,REREU
black sea,RO100
constanta,ROCND
constanta ro,ROCND
rocnd,ROCND
rogal,ROGAL
rublt,RUBLT
vladivostok,RUFIP
opl kavkaz,RUKZP
ruled,RULED
ru led,RULED
ru mmk,RUMMK
ru njk,RUNJK
runjk,RUNJK
nakhodka,RUNJK
runvs,RUNVS
ru pgn,RUPGN
posyet,RUPSE
ru pse,RUPSE
posyet russia,RUPSE
ru sak,RUSAK
shakhtersk russia,RUSHA
ru tam,RUTAM
rutam,RUTAM
taman,RUTAM
ru tua,RUTUA
ru ulu,RUULU
ru vnn,RUVNN
ruvnn,RUVNN
vanino ru,RUVNN
vanino russia,RUVNN
ru vvo,RUVVO
ruvvo,RUVVO
ru vladivostok,RUVVO
vvo,RUVVO
krgh ruvvo,RUVVO
vostochny russia,RUVYP
ru vyp,RUVYP
ruvyp,RUVYP
ru zar,RUZAR
rs zar,RUZAR
dammam,SADMM
sa dmn,SADMM
sadmm,SADMM
al jubail sa,SAJBI
al jubayl,SAJBI
sa jed,SAJED
sajed,SAJED
jeddah,SAJED
sa jed b,SAJED
sa jub,SAJUB
sajub,SAJUB
sa jubail,SAJUB
jubail,SAJUB
jubail ksa,SAJUB
sa kac,SAKAC
sa rab,SARAB
rabigh,SARAB
sarta,SARTA
sa rta,SARTA
saynb,SAYNB
yanbu sa,SAYNB
sa ynb,SAYNB
yanbu,SAYNB
sb hir,SBHIR
sb nor,SBNOR
port victoria,SCPOV
port sudan,SDPZU
sd pzu,SDPZU
sebro,SEBRO
sewal,SEWAL
se wal,SEWAL
sgjur,SGJUR
sg jur,SGJUR
jurong singapore,SGJUR
aespa,SGSIN
pebgb sg,SGSIN
pwbga sgsin,SGSIN
sg pebga,SGSIN
sg pgbg,SGSIN
sg pwbga,SGSIN
sg sin,SGSIN
sg sin pebga,SGSIN
sg sin pebgb,SGSIN
sg sin pebgc,SGSIN
sg sin pwbga,SGSIN
sgp,SGSIN
sgp pebgc,SGSIN
sgsin,SGSIN
sgsin pebga,SGSIN
sgsin pebgc,SGSIN
sgsin pjsb,SGSIN
sgsin pwbga,SGSIN
sin pebga,SGSIN
singapore,SGSIN
singapore pebga,SGSIN
singapore wbga,SGSIN
asplu,SGSIN
sg sin opl,SGSIN
sg sin pebg b,SGSIN
asspu,SGSIN
pjsb sgsin,SGSIN
sg pebgc,SGSIN
sg sin pgbg,SGSIN
sgsin ebga,SGSIN
sgsin pgbg,SGSIN
spore,SGSIN
sgsin pebg a,SGSIN
sgsin pebg b,SGSIN
sgsin pebg c,SGSIN
sgsin pwbgb,SGSIN
singapore pjsbg,SGSIN
sg pebg c,SGSIN
sg sig,SGSIN
sgp pjsb,SGSIN
sgsin wbga,SGSIN
singapor,SGSIN
eopl sgsin,SGSIN
sg pebgb,SGSIN
sgsin pebgb,SGSIN
sg pwbgb,SGSIN
sgsin opl,SGSIN
sgsin aew,SGSIN
sgsin awpb,SGSIN
sg pebg a,SGSIN
sg sin pwbg a,SGSIN
sgp pgbg,SGSIN
sgsin psa,SGSIN
pebgb sg sin,SGSIN
singapore awpb,SGSIN
sg aebc,SGSIN
pgbg sin,SGSIN
sngpre pwbgb,SGSIN
sg sin pwbg b,SGSIN
sin pgbg,SGSIN
singapore pjsb,SGSIN
sin,SGSIN
singapore epbg c,SGSIN
singapore eopl,SGSIN
sing pgbg,SGSIN
koper slovenia,SIKOP
sikop,SIKOP
koper slv,SIKOP
freetown,SLFNA
sl fna,SLFNA
slpep,SLPEP
sn dkr,SNDKR
sndkr,SNDKR
dakar,SNDKR
berbera,SOBBO
srpbm,SRPBM
st tms,STTMS
sv aqj,SVAQJ
acajutla,SVAQJ
svaqj,SVAQJ
acajutla el savador,SVAQJ
lome,TGLFW
tg lfw,TGLFW
tglfw,TGLFW
bangkok,THBKK
th bkk,THBKK
bkk th,THBKK
bangkok thailand,THBKK
thbkk,THBKK
bangkok th,THBKK
th bangkok,THBKK
bkk thailand,THBKK
bkk,THBKK
bkk thl,THBKK
phuket,THHKT
th ksi,THKSI
thksi,THKSI
koh si chang,THKSI
kohsichang,THKSI
kosichang,THKSI
lch th,THLCH
th lch,THLCH
thlch,THLCH
leam chabang,THLCH
th mat,THMAT
thmat,THMAT
map ta phut thailand,THMTP
maptaphut thailand,THMTP
maptaphut th,THMTP
maptaphut,THMTP
th pkk,THPKK
th ryg,THRYG
thryg,THRYG
rayong,THRYG
rayong thailand,THRYG
sattahip,THSAT
th sbp,THSBP
th sgz,THSGZ
sriracha,THSRI
th sri,THSRI
thsri,THSRI
sriracha thailand,THSRI
sri racha opl,THSRI
east timor dili,TLDIL
tnlgn,TNLGN
tnsfa,TNSFA
yumurtalik,TRADY
aliaga,TRALI
tr ali,TRALI
jebal ali,TRALI
tramb,TRAMB
antalya,TRAYT
tr ayt,TRAYT
tr bdm,TRBDM
trbtn,TRBTN
tr cey,TRCEY
canakkale,TRCKZ
darica p s,TRDAR
diliskelesi,TRDIL
derince,TRDRC
trdrc,TRDRC
tr drc,TRDRC
dortyol,TRDYL
tr ere,TRERE
tr geb,TRGEB
gelibolu,TRGEL
trgem,TRGEM
gemlik,TRGEM
tr gem,TRGEM
trgok,TRGOK
trgul,TRGUL
hereke turkey,TRHER
icdas turkey,TRIDS
tr isk,TRISK
iskenderun,TRISK
iskendrun,TRISK
trisk,TRISK
trist,TRIST
istanbul,TRIST
istanbul turkey,TRIST
trizm,TRIZM
izmir,TRIZM
tr izt,TRIZT
izmit,TRIZT
tr mer,TRMER
mersin,TRMER
trnem,TRNEM
tekirdag,TRTEK
tr tuz,TRTUZ
tuzla,TRTUZ
tr tzx,TRTZX
yarimca,TRYAR
tryik,TRYIK
yalova,TRYLA
ttpos,TTPOS
tt pts,TTPTS
ttpts,TTPTS
tv fun,TVFUN
tw apg,TWAPG
tw anping,TWAPG
hoping,TWHOP
tw hualien,TWHUN
tw kel,TWKEL
keelung,TWKEL
twkel,TWKEL
tw khh,TWKHH
twkhh,TWKHH
kaohsiung,TWKHH
kaohsiung tw,TWKHH
khh tw,TWKHH
twksg,TWKHH
tw khh off,TWKHH
tw mli,TWMLI
mai liao,TWMLI
mailiao,TWMLI
tw mailiao,TWMLI
mailiao tw,TWMLI
twmli,TWMLI
mailiao taiwan,TWMLI
tw mli off,TWMLI
tw suo,TWSUO
suao,TWSUO
tw tpe,TWTPE
twtpe,TWTPE
tpe tw,TWTPE
taipei,TWTPE
taipei tw,TWTPE
tw txg,TWTXG
taichung,TWTXG
taichung taiwan,TWTXG
twtxg,TWTXG
taichung tw,TWTXG
tw txg as,TWTXG
tw txg mn,TWTXG
txg tw,TWTXG
tzdar,TZDAR
tz dar,TZDAR
zanzibar,TZMKO
chornomorsk,UAILK
ua mpw,UAMPW
wake is,UMAWK
us alb,USALB
us bal,USBAL
usbal,USBAL
bristol,USBCO
usbnc,USBNC
usbpt,USBPT
beaumont usa,USBPT
baton rouge usa,USBTR
usbtr,USBTR
uschs,USCHS
charleston,USCHS
corpus christi,USCRP
corpus christi usa,USCRP
us crp,USCRP
uscrp,USCRP
pablb uscrp,USCRP
uscst,USCST
dutch harbor alaska,USDUT
us dut,USDUT
usdvv,USDVV
us ewr,USEWR
usfpo,USFPO
us frp,USFRP
us gulf,USGBZ
longview,USGGG
galveston,USGLS
usgls,USGLS
gramercy,USGRY
usgsm,USGSM
geismar,USGSM
us hou,USHOU
ushou,USHOU
hou us,USHOU
houston,USHOU
houston us,USHOU
houston usa,USHOU
us hvn,USHVN
ushvn,USHVN
us ilg,USILG
usilm,USILM
usjax,USJAX
us jax,USJAX
uskam,USKAM
us kam,USKAM
kalama us,USKAM
uk odessa,USKQI
uslax,USLAX
los angeles,USLAX
us lch,USLCH
uslch,USLCH
uslgb,USLGB
us lgb,USLGB
long beach,USLGB
cnnpo uslsa,USLSA
usmah,USMAH
marcus hook usa,USMAH
usmob,USMOB
mobile us,USMOB
us mob,USMOB
new orleans,USMSY
us msy,USMSY
new orleans u s a,USMSY
new orleans u s a a,USMSY
new orleans usa,USMSY
morrisville,USMV9
us ndx,USNDX
usnns,USNNS
usnss,USNSS
us nss,USNSS
usntd,USNTD
us ntd,USNTD
usnwk,USNWK
usnyc,USNYC
us nyc,USNYC
new york,USNYC
ome,USOME
us orf,USORF
usorf,USORF
ots 10,USOTS
us pdx,USPDX
uspdx,USPDX
port elizabeth,USPEB
p elizabeth,USPEB
uspef,USPEF
us pef,USPEF
uspev,USPEV
panama city usa,USPFN
us pgl,USPGL
usphl,USPHL
uspme,USPME
uspoa,USPOA
port arthur usa,USPOA
us poa,USPOA
uspon,USPON
uspvd,USPVD
us pvd,USPVD
us rch,USRCH
us san,USSAN
ussan,USSAN
ussav,USSAV
us sav,USSAV
savannah,USSAV
us sck,USSCK
ussea,USSEA
ussfo,USSFO
us sfo,USSFO
ussrp 0008088888,USSRP
usssi,USSSI
us ssi,USSSI
sw pass for orders,USSW8
us tiw,USTIW
ustiw,USTIW
turkey,USTKR
us txt,USTXT
antwerp,USZAQ
uy mvd,UYMVD
vejot,VEJOT
velag,VELAG
vepbl,VEPBL
hierro,VEPHO
vi lib,VILIB
vncli,VNCLI
vncln,VNCLN
vn cmt,VNCMT
campha,VNCPH
campha vn,VNCPH
vn cua lo,VNCUA
vn dad,VNDAD
vn dna,VNDNA
vndna,VNDNA
dung quat vietnam,VNDQT
vndqt,VNDQT
vn dqt,VNDQT
van phong vietnam,VNHAP
hai phong vn,VNHAP
hai phong,VNHAP
vn hlp,VNHLP
hongai,VNHON
vn hon,VNHON
hon gai vn,VNHON
haiphong vn,VNHPH
vn haiphong,VNHPH
vn hph,VNHPH
vnhph,VNHPH
haiphong,VNHPH
haiphong vietnam,VNHPH
vn hph off,VNHPH
vn nghi son,VNNGH
nghison,VNNGH
phumy vietnam,VNPHU
vn phu,VNPHU
vnphu,VNPHU
phu my,VNPHU
vn sonduong,VNSDP
vn sdp,VNSDP
son duong,VNSDP
hochiminh,VNSGN
vn sgn,VNSGN
vnsgn,VNSGN
sgn vn,VNSGN
hcm vn,VNSGN
vn son,VNSON
vn uih,VNUIH
vn vag,VNVAG
can tho,VNVCA
van phong,VNVPH
vung tau,VNVUT
vung tau viet nam,VNVUT
vung tau vietnam,VNVUT
vungtau vietnam,VNVUT
vn vut,VNVUT
vung tau vn,VNVUT
vn vungtau,VNVUT
vin vut,VNVUT
vungtau,VNVUT
hodeidah,YEHOD
za cpt,ZACPT
zacpt,ZACPT
cape town,ZACPT
za dur,ZADUR
zadur,ZADUR
opl durban,ZADUR
za plz,ZAPLZ
zaplz,ZAPLZ
brpng zaplz,ZAPLZ
sgsin zaplz,ZAPLZ
